Company Name,Stock Code,Report Date,Beg.Amt,End.Amt,Investment Return,Currency Derivative?end value?,Commodity/Index Futures(end),Interest Derivative (end),Cashflow Hedge,Equity Options,Derivative Usage Dummy,oversea 
??????????,1,20071231,5090000,38288000,,10924.4,1482.337,170,,,,
??????????,1,20081231,38288000,201067000,,18974.58,1270,1270000,,,,
??????????,1,20091231,200986000,-153387000,,20137.07,-,800,,,,
??????????,1,20101231,-153387000,-18527000,,47535,-,2300,,,,
??????????,1,20111231,-18527000,6714000,,109552,,13256,,,,
??????????,1,20121231,6714000,-63765000,,153193,2,25832,,,,
??????????,1,20131231,-64000000,468000000,,385406,16360,53759,,,,
??????????,1,20141231,-325000000,401000000,,494841,39435,217175,,,,
??????????,1,20151231,401000000,1085000000,,677816,139721,640328,,,,
??????????,2,20091231,0,0,,,,4.626106,,,,
??????????,2,20101231,0,0,,,,12.491094,,,,
??????????,2,20111231,0,0,,,,30.798799,,,,
??????????,2,20121231,0,0,,,,25.537987,,,,
??????????,2,20131231,-,-,,-,-,18.281555,,,,
??????????,2,20141231,-572042.22,11013281.97,,19.88675,,0,,,,
??????????,2,20151231,11013281.97,0,,19.88675,,,,,,
??????????,16,20071231,0,8293387.77,,1032.23514,,,,,,
??????????,16,20081231,-17249624.92,-12481880.16,,1221.225627,0,0,,,,
??????????,16,20091231,4767744.76,16155044.16,,2854.3565,,,,,,
??????????,16,20101231,16155044.16,-68630285.86,,3730.957366,,,,,,
??????????,16,20111231,-68630285.86,42855947.89,,2155.905808,,,,,,
??????????,16,20121231,42855947.89,22101173.97,,0,,,,,,
??????????,16,20151231,0,32591836.13,,2247.1277,,,,,,
?????????????,32,20131231,0,60400,,28.2074,,,,,,
?????????????,32,20141231,60400,-169406.13,,33.0426,,,,,,
?????????????,32,20151231,-169406.13,109006.13,,7.9547,,,,,,
?????????(??)??????,39,20061231,,,,1894803657,,,,,,
?????????(??)??????,39,20071231,2708000,203969000,,1801.97437,yes,yes,,,,
,39,20081231,203969000,283208000,,3110.437928,3595.83705,2663583000,,,,
?????????(??)??????,39,20091231,283208000,-65159000,,3985.581654,yes,2172.069289,,,,
?????????(??)??????,39,20101231,-65159000,76841000,,5110.632148,yes,2370.373304,,,3430.056485,
?????????(??)??????,39,20111231,76841000,-34219000,,4161.855752,yes,2677.8825,,,,
?????????(??)??????,39,20121231,-34219000,-9162000,,3008.961,yes,1005.68,yes,,,
?????????(??)??????,39,20131231,-9162000,186964000,,11881.745,yes,666.437,yes,,,
?????????(??)??????,39,20141231,186964000,-229599000,,18614.405,yes,668.957,yes,,,
?????????(??)??????,39,20151231,-229599000,-46838000,,13255.738,yes,831.181,yes,,,
?????????????????,60,20071231,-76666368.62,60777545.65,,,yes,,,,,
?????????????????,60,20081231,60777545.65,1114991.31,,20.99623376,267.8234252,,,,,
?????????????????,60,20091231,1114991.31,-52713633.41,,,1113.491109,,,,,
?????????????????,60,20101231,-52713633.41,-117820002.1,,,841.8767497,,,,,
?????????????????,60,20111231,-117820002.1,70064510.43,,,158.3073642,,,,,
?????????????????,60,20121231,70064510.43,52825875.7,,,8938704.77,,,,,
?????????????????,60,20131231,52825875.7,3052743,,,317.1149156,,,,,
?????????????????,60,20141231,3052743,0,,,0,,,,,
?????????????????,60,20151231,,5657922.47,,,115.8512,,,,,
??????????,63,20071231,0,115566000,,yes,,,,,,
??????????,63,20081231,115566000,-128328000,,yes,,,,,,
??????????,63,20091231,-128328000,12560000,,yes,,,,,,
??????????,63,20101231,12560000,83597000,,5473.950864,,968.8501364,,,,
??????????,63,20111231,83597000,-77860000,,4567.433883,,808.403117,,,,
??????????,63,20121231,-77860000,-49456000,,3551.33,,628.56,yes,,0.849622837,
??????????,63,20131231,-49456000,174829000,,12747.2079,,609.69,yes,,,
??????????,63,20141231,174829000,17976000,,6838.1021,,620.05,yes,,,
??????????,63,20151231,17976000,-189613000,,1965.5325,,649.4,,,,
???????????,69,20111231,,14939579.6,,1019.373807,,484.6964677,,,,
???????????,69,20121231,14939579.6,-458099.42,,1019.373807,,484.6964677,,,,
???????????,69,20131231,-458099.42,-3668814.78,,1019.373807,,484.6964677,,,,
???????????,69,20141231,9034870.28,0,,,,,,,,
TCL????????,100,20071231,,225106000,,,,,,,,
TCL????????,100,20091231,-217372000,-51159000,,,,,,,,
TCL????????,100,20091231,60569000,0,,,,,,,,
TCL????????,100,20101231,-51159000,0,,,,,,,,
????????????,166,20141231,,886638.23,,,107.1607887,,,,,
????????????,166,20151231,886638.23,20895867.47,,,1643.3739,1365.9224,,,,
??????????,333,20131231,,546265.97,,yes,yes,,yes,,,
??????????,333,20141231,546265.97,-652791000,,yes,yes,,yes,,,
??????????,333,20151231,-652791000,81611000,,yes,yes,,yes,,,
???????????,404,20141231,,3673209.17,,268.4016,,,,,,
???????????,404,20151231,,13431706.22,,505.61,,,,,,
????????????,415,20121231,11477000,39035000,,,,7555.584,,,,
????????????,415,20131231,39035000,0,,,,10554.835,yes,,,
????????????,415,20141231,0,1742000,,,,7241.255,yes,,,
???????????,418,20121231,,-3067710,,242.45035,,,,,,
???????????,418,20131231,-3067710,13792150,,483.71,,,,,,
???????????,418,20141231,13792150,-14767832.25,,57.7,,,,,,
???????????,418,20151231,-14767832.25,-248900,,,,,,,,
?????????????,426,20141231,,-282100,,,5.2986,,,,,
?????????????,426,20151231,-282100,282100,,,,,,,,
??????????????,488,20071231,,5955480,,247.928,,,,,,
??????????????,488,20081231,5955480,1738200,,,,,,,,
??????????????,488,20091231,1738200,8443100,,9.8,,,,,,
??????????????,488,20101231,8443100,-8450000,,1.52117298,,,,,,
??????????????,488,20111231,-8450000,0,,,,,,,,
??????????,521,20141231,,-81170,,133.1993,,,,,,
??????????,521,20151231,-81170,81170,,195.6709,,,,,,
????????????,527,20081231,,-22126200,,,413.1626267,,,,,
????????????,527,20091231,-22126200,27126910,,27.11,1.3386,,yes,,,
????????????,527,20101231,27126910,118069080,,142.61077,20.0443,,yes,,,
????????????,527,20111231,118069080,38744490,,178.39133,3.30655,,yes,,,
????????????,527,20121231,38744490,-75823320,,103.72693,29.51625,,yes,,,
??????????,562,20071231,0,251582259.8,,,,,,,,
??????????,562,20081231,251582259.8,-251582259.8,,,,,,,,
??????????,562,20091231,-251582259.8,0,,,,,,,,
??????????,562,20111231,,226620,,,17.6475,,,,,
??????????,562,20121231,226620,-12709440,,,426.67566,,,,,
??????????,562,20131231,-12709440,9752700,,,366.3504,,,,,
??????????,589,20081231,,-4357664.89,,,yes,,,,,
????????????,626,20071231,,-830010,,,yes,,,,,
????????????,626,20081231,-830010,-6881151.8,,,yes,,,,,
????????????,626,20091231,-6881151.8,5715301.8,,,yes,,,,,
????????????,626,20101231,5715301.8,-3389314.95,,yes,yes,,,,,
????????????,626,20111231,-3389314.95,7353316.95,,yes,yes,,,,,
????????????,626,20121231,7353316.95,-54043463.2,,,yes,,,,,
????????????,626,20131231,-54043463.2,101857525.3,,,yes,,,,,
????????????,626,20141231,101857525.3,-142526762.3,,,13048.5846,,,,,
????????????,651,20091231,,2307044.77,,59.444,29.5893,,yes,,,
????????????,651,20101231,2307044.77,69192469.15,,161.514107,50.0457329,,yes,,,
????????????,651,20111231,69192469.15,-57508666.64,,75.72925822,49.68598231,,,,,
????????????,651,20121231,-57508666.64,246884832.1,,263.4600174,13.75294026,,,,,
????????????,651,20131231,246884832.1,990563610.1,,1246.1066,15.2053,,yes,,,
????????????,651,20141231,990563610.1,-1381551572,,299.881,49.9902,,yes,,,
????????????,651,20151231,-1381551572,-1010322499,,1189.0284,43.4429,,yes,,,
?????????????,683,20131231,,43750,,,0.35375,,,,,
?????????????,683,20141231,43750,0,,,,,,,,
??????????,686,20121231,,-702600,,,11.418315,,,,,
??????????,686,20131231,-702600,929400,,,21.2904,,,,,
??????????,686,20141231,929400,-226800,,,,,,,,
??????????,686,20151231,-226800,-68546071.68,,,148.1985728,4700,,,,
??????????,701,20131231,,854474.14,,43.47415,,,,,,
??????????,701,20141231,,-854474.14,,15.199,,,,,,
??????????,701,20151231,-854474.14,1005260.22,,1154.71475,,,,,,
??????????,703,20131231,,16268273.3,,720.92,164.92,,,,,
??????????,703,20141231,16268273.3,-17617037.3,,1070.83,3.14,,yes,,,
??????????,703,20151231,-17617037.3,25757225.29,,6928.4324,435.65,,yes,,,
,712,20141231,,32933.22,,,,100000000,,,,
????????????,712,20151231,32933.22,-9183.22,,,4028000,700000000,,,,
????????????,717,20131231,-7915477.6,7915477.6,,yes,,,,,,
????????????,717,20141231,7915477.6,0,,yes,,,,,,
????????????,717,20151231,0,6626040.72,,1445.599,4.325,19.4808,,,,
????????????,723,20151231,-565795,0,,,yes,,,,,
??????????,726,20101231,,-19039237,,2508.330543,,,,,,
??????????,726,20111231,-19039237,-19478820,,3367.88857,,,,,,
??????????,726,20121231,-19478820,-2550739,,954.842259,,,,,,
??????????,726,20131231,-2550739,11560479,,984.4979,,yes,,,,
??????????,728,20071231,-5440971.25,255085035.6,,,,,,yes,,
??????????,728,20081231,255085035.6,-258251481.5,,,,,,yes,,
??????????,728,20091231,-258251481.5,0,,,,,,yes,,
??????????,728,20101231,,,,,yes,,,,,
,,20121231,,,,,yes,,,,,
,,20131231,,,,,yes,,,,,
,,20141231,,-935640,,,31.2826,,,,,
??????????,728,20151231,-935640,1428420,,,812.71945,,,,,
??????????,750,20131231,,345268.48,,,42.29184,,,,,
??????????,750,20141231,345268.48,-990168.48,,,4.6743,,,,,
??????????,750,20151231,-990168.48,-23307690.94,,,3.15136,,,144.0223571,,
????????????,767,20131231,,-73648181,,,,91.4977098,,,,
????????????,767,20141231,-73648181,-14632331,,,,91.4977098,,,,
????????????,767,20151231,-14632331,0,,,,,,,,
??????????,776,20101231,,53555520,,50,1531.2888,,,,,
??????????,776,20111231,53555520,129785580,,,2073.2757,,,,,
??????????,776,20121231,129785580,-378854716.9,,,3250.562534,450,,,,
??????????,776,20131231,-378854716.9,205684078.6,,,5223.557717,5250,,1,,
??????????,776,20141231,205684078.6,-268046966.3,,,2867.597531,23655,,4089.083545,,
??????????,778,20151231,-268046966.3,187101268.4,,,1408.649947,77066,,21679.33008,,
??????????,778,20131231,0,1174920,,,,,,,,
??????????,778,20141231,1174920,-944920,,,,,,,,
??????????,778,20151231,-944920,-145000,,,,,,,,
??????????,783,20111231,,,,,,,,,1,
??????????,783,20121231,,-25302660,,,,,,598.21638,1,
??????????,783,20131231,-25302660,24869207.57,,,11.76525,1600,,92.96808,1,
??????????,783,20141231,24869207.57,-182642806.4,,,1040.526238,7320,,5475.379319,1,
??????????,783,20151231,-182642806.4,-249785692.1,,69,419.612,9244,,6468.877391,,
??????????,788,20111231,,1278800,,32.93644,,,,,,
??????????,788,20121231,1278800,-1278753.58,,,,,,,1,
??????????,788,20131231,-1278753.58,408527.1,,15.2423,,,,,,
??????????,788,20141231,408527.1,336829.98,,81.51645,,,,,,
??????????,788,20151231,,-745357.08,,,,,,,,
????????????,801,20111231,,90790,,25.83,,,,,,
????????????,801,20121231,90790,868700,,106.8535,,,,,,
????????????,801,20131231,868700,1453000,,97.5504,,,,,,
????????????,801,20141231,1453000,65800.17,,159.094,,,,,,
????????????,801,20151231,65800.17,-2387500.17,,22.4024,,,,,,
????????????????,816,20121231,,,,,,,,,,
????????????????,816,20131231,,1673532,,240.7825,,,,,,
????????????????,816,20141231,1673532,-1522912,,56.8243,,,,,,
????????????????,816,20151231,-1522912,-150620,,31.08725,,,,,,
?????????????,825,20151231,,6961673.63,,,64.97335,,,,,
????(??)??????,833,20141231,,-108380,,,9.276,,,,,
????(??)??????,833,20151231,-108380,108380,,,,,,,,
????????????,850,20141231,,30355,,,,,,,,
????????????,850,20151231,30355,0,,,,,,,,
?????????????,887,20141231,,-7839079.46,,yes,,yes,,,,
?????????????,887,20151231,-7839079.46,1463992.37,,yes,,yes,,,,
???????????,890,20131231,,-1026400,,49.8432,,,,,,
???????????,890,20141231,-1026400,1154150,,15.631,,,,,,
???????????,890,20151231,1154150,-127750,,,,,,,,
??????????,906,20091231,,-4922866,,,279.5187,,,,,
??????????,906,20101231,-4922866,2985086,,,338.6115,,,,,
??????????,906,20111231,2985086,2353920,,,21.005,,,,,
??????????,906,20121231,2353920,-56725748,,,51.4738,,,,,
??????????,906,20131231,-56725748,56309608,,,,,,,,
??????????,906,20141231,56309608,-1323000,,,,,,,,
????????????,913,20081231,,-13552200,,,yes,,,,,
????????????,913,20091231,-13552200,33601975,,,41.14045,,,,,
????????????,913,20101231,33601975,-20036450,,,32.399925,,,,,
????????????,913,20111231,-20036450,-67694.87,,,4.75605,,,,,
????????????,913,20121231,-67694.87,-1062256.68,,,,,,,,
????????????,913,20131231,-1062256.68,17609346.65,,,17.6203,,,,,
????????????,913,20141231,17609346.65,-16131534.4,,,0.816,,,,,
????????????,913,20151231,-16131534.4,-364185.7,,,,,,,,
????????????,921,20071231,,,,yes,,,,,1,
????????????,921,20081231,,-11058654.62,,266.76,1.0452,,,,,
????????????,921,20091231,-11058654.62,12300769.38,,404.103,,,,,,
????????????,921,20101231,12300769.38,17632914.8,,1389.8987,,,,,,
????????????,921,20111231,17632914.8,4961913.35,,1597.3221,,,,,,
????????????,921,20121231,4961913.35,-16637512.22,,1998.1646,,,,,,
????????????,921,20131231,-16637512.22,56596312.1,,2785.4331,,,,,,
????????????,921,20141231,56596312.1,-74339051.01,,2211.6098,,,,,,
????????????,921,20151231,-74339051.01,-2539056.09,,833.4285,,,,,,
????????????,925,20081231,,-399542.16,,,,,,,1,
????????????,925,20091231,-399542.16,509426.96,,,,,,yes,1,
????????????,925,20101231,509426.96,-184710.89,,,,,,yes,1,
????????????,925,20111231,-184710.89,74826.09,,,,,,yes,1,
????????????,925,20121231,74826.09,25820.21,,,,,,yes,1,
????????????,925,20141231,25820.21,-313410.85,,39.6289,,,,,1,
????????????,925,20151231,-313410.85,313410.85,,0,,,,,,
????????????,966,20071231,,,,,,3000,,,,
????????????,966,20081231,,-13805892,,,,3000,,,,
????????????,966,20091231,-13805892,-191918,,,,3000,,,,
????????????,966,20101231,-191918,-1896670,,,,3000,,,,
????????????,966,20111231,-1896670,487860,,,,3000,,,,
????????????,966,20121231,,,,,,,,,1,
??????????????,967,20081231,,48610.95,,yes,,,,,,
??????????????,967,20091231,48610.95,-613139.34,,,yes,,,,,
??????????????,967,20101231,-613139.34,-1900959.47,,,yes,,yes,,,
??????????????,967,20111231,-1900959.47,15117788.93,,yes,yes,,yes,,,
??????????????,967,20121231,15117788.93,-8185440.76,,yes,yes,,yes,,,
??????????????,967,20131231,-8185440.76,149216.79,,yes,yes,,yes,,,
??????????????,967,20141231,-215426.02,-1303516.82,,3.0368,,,yes,,,
??????????????,967,20151231,-1303516.82,5361306.48,,,,,yes,,,
????????????,982,20141231,,15777180.32,,1046.3795,,,,,,
????????????,982,20151231,15777180.32,-34237737.7,,432.1486,,,,,,
???????????,2001,20131231,,1008989.46,,141.7375,,,,,,
???????????,2001,20141231,1008989.46,-4303254.26,,161.5416,,,,,,
???????????,2001,20151231,-4303254.26,1509146.49,,133.51,,,,,,
??????????????,2005,20081231,,1062200,,,,,,,1,
??????????????,2005,20091231,588200,207100,,13.45,,,,,,
??????????????,2005,20101231,207100,-21180.66,,6.62,,,,,,
??????????????,2005,20111231,-21180.66,990635.15,,6.6227,,20.7705,,,,
??????????????,2005,20121231,990635.15,-128272.38,,,,,,,1,
??????????????,2005,20131231,,,,,,0,,,1,
??????????????,2005,20151231,,1317972.6,,yes,,,,,,
??????????,2010,20151231,,176431.11,,28.3808,,,,,,
????????????,2017,20141231,732904,46976.64,,yes,,,,,,
????????????,2017,20151231,46976.64,-2279956.08,,yes,,,,,,
??????????????,2027,20071231,0,417788.35,,yes,,,,,,
??????????????,2027,20081231,417788.35,814130.01,,yes,,,,,,
??????????????,2027,20091231,814130.01,,,,,,,,,
???????????????,2043,20101231,809190,2478435,,113.8025,,,,,,
???????????????,2043,20111231,2478435,-3239105,,4.7855,,,,,,
???????????????,2043,20121231,-3239105,-48520,,yes,,,,,,
???????????????,2043,20131231,-48520,1733760,,87.79536,,,,,,
???????????????,2043,20141231,1733760,-3705711,,99.1278,16.926,,,,,
???????????????,2043,20151231,-3705711,1971951,,yes,,,,,,
??????????????,2050,20081231,,3057205,,yes,yes,,,,,
??????????????,2050,20091231,3057205,4407670,,yes,yes,,,,,
??????????????,2050,20101231,4407670,2114000,,yes,yes,,,,,
??????????????,2050,20111231,2114000,7449701,,yes,3.7075,,,,,
??????????????,2050,20121231,7449701,-6339741,,12.943176,yes,,,,,
??????????????,2050,20131231,-6339741,1857320,,yes,yes,,,,,
??????????????,2050,20141231,1857320,-18567932.21,,yes,yes,,,,,
??????????????,2050,20151231,-18567932.21,2694514.8,,yes,yes,,,,,
????????????,2051,20131231,159108.17,-1448074.14,,,,,,,,
????????????,2051,20141231,-1448074.14,0,,,,,,,,
????????????,2064,20131231,0,-553723.45,,yes,,,,,1,
????????????,2064,20141231,-553723.45,553723.45,,yes,,,,,,
????????????,2064,20151231,553723.45,0,,yes,,,,,,
????????????,2078,20091231,,-7238906.96,,,,,,,1,
????????????,2078,20101231,-7238906.96,2095775.97,,,,,,,,
????????????,2078,20111231,2095775.97,4876603.8,,,,,,,,
????????????,2078,20121231,4876603.8,266527.19,,,,,,,,
????????????,2078,20131231,266527.19,,,,,,,,,
????????????,2078,20141231,,-3075500,,37.278,,,,,1,
????????????,2078,20151231,,,,yes,,,,,1,
????????????,2079,20081231,,-652050,,134.716,yes,,,,,
????????????,2079,20091231,-652050,549792.61,,149.017,yes,,,,,
????????????,2079,20101231,549792.61,461299.53,,312.8,,,,,,
????????????,2079,20111231,461299.53,1475.13,,44.1063,,,,,,
????????????,2079,20121231,1475.13,364490.16,,144.5665,,,,,,
????????????,2079,20131231,364490.16,,,,,,,,,
??????????,2083,20101231,,5108000,,,,,,,,
??????????,2083,20111231,5108000,-5543000,,459.4934227,,,,,,
??????????,2083,20121231,-5543000,435000,,327.0249296,,,,,,
??????????,2083,20131231,435000,,,,,,,,,
??????????,2083,20141231,,-2010875,,,yes,,,,,
??????????,2083,20151231,-2010875,,,,yes,,,,1,
??????????????,2084,20091231,,366548.01,,,yes,,,,,1
??????????????,2084,20101231,366548.01,9457994.49,,yes,,,,,,1
??????????????,2084,20111231,9457994.49,-6739017.24,,yes,yes,,,,,1
??????????????,2084,20121231,-6739017.24,4516566.98,,yes,yes,,,,,1
??????????????,2084,20131231,4516566.98,4658176.75,,yes,yes,,,,,1
??????????????,2084,20141231,4658176.75,-15585102.29,,yes,yes,,,,,1
??????????????,2084,20151231,-15585102.29,-11478998.84,,yes,yes,,,,,1
??????????????,2085,20061231,,,,,yes,,,,1,1
??????????????,2085,20071231,,1573218.08,,yes,yes,,,,,1
??????????????,2085,20081231,1573218.08,-11283218.08,,yes,yes,,,,,1
??????????????,2085,20091231,-11283218.08,7284400,,yes,,,,,,1
??????????????,2085,20101231,7284400,9977000.02,,yes,,,,,,1
??????????????,2085,20111231,9977000.02,5922992.68,,yes,,,,,,1
??????????????,2085,20121231,5922992.68,-4290824.48,,yes,,,,,,1
??????????????,2085,20131231,-4290824.48,34495619.46,,yes,,,,,,1
??????????????,2085,20141231,34495619.46,-66384648.64,,yes,,,,,,1
??????????????,2085,20151231,-66384648.64,-27889811.35,,yes,,,,,,1
?????????????,2095,20101231,22800,-22800,,,,,,,,
????????????,2099,20111231,,561040,,yes,,,,,,1
????????????,2099,20121231,561040,-561040,,yes,,,,,,1
????????????,2099,20141231,,-37180,,18.357,,,,,,1
????????????,2099,20151231,-37180,37180,,yes,,,,,,1
??????????,2103,20101231,,,,yes,,,,,,1
??????????,2103,20111231,,6183550,,576.53235,,,,,,1
??????????,2103,20121231,6183550,-3186135,2638585,329.98875,,,,,,1
??????????,2103,20131231,-3186135,2230740,12391735,yes,,,,,,1
??????????,2103,20141231,2230740,-4834263.6,-1473473.6,yes,,,,,,1
??????????,2103,20151231,-4834263.6,-393891.4,-232845.91,yes,,,,,,1
??????????,2112,20071231,,,1238288.17,,yes,,,,,1
??????????,2112,20081231,,,-4703152.36,,yes,,,,,1
??????????,2112,20091231,,,825825.93,,yes,,,,,1
??????????,2112,20101231,,,1019943.21,,yes,,,,,1
??????????,2112,20111231,,28800,37141.8,,yes,,,,,1
??????????,2112,20121231,28800,241700,-35426.02,,yes,,,,,1
??????????,2112,20131231,241700,165600,317696.56,,yes,,,,,1
??????????,2112,20141231,165600,-165600,514227.79,,yes,,,,,1
??????????,2112,20151231,-165600,,-736370.72,,yes,,,,,1
????????????,2114,20071231,,-69275,1282041.11,,yes,,,,,1
????????????,2114,20081231,-69275,-280850,34179008.73,,yes,,,,,1
????????????,2114,20091231,-280850,350125,-17558854.81,,yes,,,,,1
????????????,2114,20101231,,,-10321473.93,,yes,,,,,1
????????????,2114,20111231,,-116250,-12857047.51,,yes,,,,,1
????????????,2114,20121231,-116250,116250,2696759.97,,yes,,,,,1
????????????,2114,20131231,,1953264.26,1953264.26,,yes,,,,,1
????????????,2114,20141231,1953264.26,-1953264.26,,,yes,,,,,1
????????????,2114,20151231,-1953264.26,-17290890.29,,,yes,,,,,1
????????????,2119,20091231,,642085.3,6305224.35,,1.697864,,,,,1
????????????,2119,20101231,642085.3,-870557.68,790837.09,,0.315846,,,,,1
????????????,2119,20111231,-870557.68,-1775710.92,6307732.12,,19.416048,,,,,1
????????????,2119,20121231,-1775710.92,2515889.01,6869140.26,,yes,,,,,1
????????????,2119,20131231,2515889.01,-1611794,-2105400,,yes,,,,,1
????????????,2119,20141231,-1611794,1220220,1102800,,yes,,,,,1
????????????,2119,20151231,1220220,-1099325,-3006270.27,,yes,,,,,1
????????????,2120,20081231,,-3902850.86,,yes,,,,,,
????????????,2120,20091231,-3902850.86,3902850.86,,yes,,,,,,
????????????,2120,20101231,,,,yes,,,,,1,
????????????,2120,20131231,,3999690,,yes,,,,,,1
????????????,2120,20141231,3999690,-4422005,,yes,,,,,,1
????????????,2120,20151231,-4422005,-1260790.4,40265,yes,,,,,,
??????????,2131,20081231,,,,yes,,,,,,1
??????????,2131,20091231,,-940765,,432.8886645,,,,,,1
??????????,2131,20101231,-940765,8112185,,yes,,,,,,1
??????????,2131,20111231,8112185,290730,,629.76067,,,,,,
??????????,2131,20121231,290730,-823910,,,,,,,,
??????????,2131,20131231,-823910,11878847,,,,,,,,
??????????,2131,20141231,11878847,-20850429.5,,369.5876,,,,,,
??????????,2131,20151231,-20850429.5,-8597505,,452.9286,,,,,,
??????????,2133,20071231,,3264406.73,,,,,,,,
??????????????,2141,20131231,,28580.37,255275.64,yes,yes,,,,,1
??????????????,2141,20141231,28580.37,59133.32,41394.92,yes,yes,,,,,1
??????????????,2141,20151231,59133.32,-348700,-120452.88,,yes,,,,,
??????????,2142,20071231,,999619,,4205.706,,70,,,,
??????????,2142,20081231,999619,72300580.37,,11840.241,,3160,,,,
??????????,2142,20091231,72300000,-72172000,,33989.848,,22510.25,,,,
??????????,2142,20101231,-72172000,2424000,,51664.104,,35548.21,,,,
??????????,2142,20111231,2424000,-203377000,,57250.139,,35780.125,,,,
??????????,2142,20121231,-203377000,177155000,-54217000,121842.487,,66953.69,,,,
??????????,2142,20131231,177155000,-125965000,-1337870000,151936.515,,108846.526,,,,
??????????,2142,20141231,-125965000,43509000,129208000,184012.366,,230561.606,,,,
??????????,2142,20151231,43509000,212952000,458502000,283469.041,16474.917,649138.064,,,,
??????????,2155,20091231,,-4563040,-22439957.75,,yes,,,,,1
??????????,2155,20101231,-4563040,-44880,-2833967.87,,yes,,,,,1
??????????,2155,20111231,-44880,-1650000,5915694.71,,yes,,,,,1
??????????,2155,20121231,-1650000,4892990,-2782288.43,,yes,,,,,1
??????????,2155,20131231,4892990,584303.64,8170400,,yes,,,,,1
??????????,2155,20141231,584303.64,180651.92,-5466265.89,,yes,,,,,1
??????????,2155,20151231,180651.92,1715446.34,-2106495.25,,yes,,,,,1
?????????????,2180,20141231,,-25178650,17960036.34,,,,,,1,1
?????????????,2180,20151231,-25178650,-31592700,12602650,yes,,,,,,1
???????????????,2183,20061231,,1901195,12833627,yes,,yes,,,,1
???????????????,2183,20071231,1901195,-104065741,-5190068,yes,,,,,,1
???????????????,2183,20081231,-104065741,67067745,-57885018,yes,,,,,,1
???????????????,2183,20091231,67067745,-47900875,52566179,yes,,yes,,yes,,1
???????????????,2183,20101231,-47900875,-28312735,4747313,yes,yes,yes,1,,,1
???????????????,2183,20111231,-28312735,-21520485,-156977607,yes,yes,yes,1,,,1
???????????????,2183,20121231,-21520485,28072935,-47098868,yes,yes,yes,1,yes,,1
???????????????,2183,20131231,28072935,-25390618,12573197,yes,yes,yes,1,yes,,1
???????????????,2183,20141231,-25390618,33895064,-16613082,yes,yes,yes,1,yes,,1
???????????????,2183,20151231,33895064,2602898,-1931315,yes,yes,yes,1,yes,,1
??????????,2188,20111231,,699328.7,,yes,,,,,,1
??????????,2188,20121231,699328.7,1183552.45,624586.9,yes,,,,,,1
??????????,2188,20131231,1183552.45,-1106852.45,3980445.72,yes,,,,,,1
??????????,2188,20141231,-1106852.45,-76700,401360,yes,,,,,,1
??????????,2188,20151231,-76700,0,603303.06,yes,,,,,,1
????????????,2202,20081231,0,-2279123.35,2490471.77,yes,,,,,,1
????????????,2202,20091231,-2279123.35,-3799936.91,8184317.6,yes,,,,,,1
????????????,2202,20101231,-3799936.91,8507802.59,1473846.54,yes,yes,,,,,1
????????????,2202,20111231,8507802.59,31261198.17,533060.75,yes,yes,,,,,1
????????????,2202,20121231,31261198.17,1637033.73,7878526.27,yes,yes,,,yes,,1
????????????,2202,20131231,1637033.73,3565951.44,92960413.6,yes,,yes,1,yes,,1
????????????,2202,20141231,3565951.44,-20065461.76,73105013.06,yes,,yes,1,yes,,1
????????????,2202,20151231,-20065461.76,-929919.51,-2388950.14,yes,,yes,1,,,1
??????????,2203,20051231,-747119.2,254500,322530.8,,,,,,,1
??????????,2203,20061231,254500,3156700,30333150,,,,,,,1
??????????,2203,20071231,3156700,5986450,,,yes,,,,,1
??????????,2203,20081231,5986450,7879.92,,,yes,,1,,,1
??????????,2203,20091231,7879.92,-52347502.93,,,yes,,1,,,1
??????????,2203,20101231,-52347502.93,-35460552.74,,,yes,,1,,,1
??????????,2203,20111231,-35460552.74,94269927,1651019.73,yes,yes,,1,,,1
??????????,2203,20121231,94269927,1055595.99,3755418.56,yes,yes,,1,,,1
??????????,2203,20131231,1055595.99,-2381523.27,3353271.8,yes,yes,,1,,,1
??????????,2203,20141231,-2381523.27,16804714.49,,,yes,,1,,,1
??????????,2203,20151231,16804714.49,18562225.05,23521062.51,yes,yes,,1,,,1
????????????????,2210,20081231,,353557.19,-214045.67,yes,,,,,,1
????????????????,2210,20091231,353557.19,3028412.17,287160.31,yes,,,,,,1
????????????????,2210,20101231,3028412.17,-11746433.47,-4534332.09,yes,,,,,,1
????????????????,2210,20111231,-11746433.47,-33345996.33,-8713438.35,yes,,,,,,1
????????????????,2210,20121231,-33345996.33,37006527.11,-29712274.07,yes,,,,,,1
????????????????,2210,20131231,37006527.11,-13685901.42,-47438664.09,yes,,,,,,1
????????????????,2210,20141231,-13685901.42,3796857.49,-12426572.67,yes,,,,,,1
????????????????,2210,20151231,3796857.49,-9463787.11,-53715220.62,yes,,,,,,1
????????????,2214,20141231,,1524931.51,,,yes,,,,,1
????????????,2214,20151231,1524931.51,-1513589.04,,,yes,,,,,1
?????????,2224,20071231,,,180650,,yes,,,,,1
?????????,2224,20081231,,-1558050,-1724669.37,,yes,,1,,,1
?????????,2224,20091231,-1558050,589410.96,6493604.61,,yes,,1,,,1
?????????,2224,20101231,589410.96,-589410.96,1306381.8,,yes,,1,,,1
?????????,2224,20111231,-589410.96,-240000,1278194.52,,yes,,,,,1
?????????,2224,20121231,-240000,240000,7612900,,yes,,,,,1
?????????,2224,20131231,240000,,-369200,,yes,,,,,1
?????????,2224,20141231,,950000,-2514950,,yes,,,,,1
?????????,2224,20151231,950000,-82400,-1381700,,,,,,,1
????????????,2236,20101231,,271728.21,,yes,,,,,,1
????????????,2236,20111231,271728.21,-927288.22,-3676525.46,40.11154843,,,,,,1
????????????,2236,20121231,-927288.22,-1835136.12,-504760.01,450.2438425,,,,,,1
????????????,2236,20131231,-1835136.12,3973172.57,926671.44,yes,,,,,,1
????????????,2236,20141231,3973172.57,894483.21,1131347.16,yes,,,,,,1
????????????,2236,20151231,894483.21,-5228415.65,5453143.74,yes,,,,,,1
???????????,2263,20101231,0,2377067.17,,51129900,,,,,,1
???????????,2263,20111231,2377067.17,-2645868.44,2882870.88,51129900,,,,,,1
???????????,2263,20121231,-2645868.44,,,,,,,,,1
????????????????,2271,20141231,,67380,-552137.24,,,,,,,1
????????????????,2271,20151231,67380,-27600,-2363506,,yes,,,,,1
????????????,2295,20121231,,-1564450,1859657.58,37529000,yes,,,,,1
????????????,2295,20131231,-1564450,1564450,-468102.28,,yes,,,,,1
????????????,2295,20141231,1564450,1521500,,,yes,,,,,1
????????????,2295,20151231,1521500,-1840350,,,yes,,,,,1
????????????,2299,20141231,,903500,-15764348,,yes,,,,,
????????????,2299,20151231,903500,-2153000,-6427999.5,,yes,,,,,
??????????????,2300,20061231,,,21879200,,yes,,,,,1
??????????????,2300,20071231,,,-210000,,yes,,,,,1
??????????????,2300,20081231,,,-623000,,yes,,,,,1
??????????????,2300,20091231,-841000,3717950,368385.89,,yes,,,,,1
??????????????,2300,20101231,3717950,-224450,735649.81,,yes,,,,,1
??????????????,2300,20111231,-224450,-2375000,-4447770.37,,yes,,,,,1
??????????????,2300,20121231,-2375000,-59500,-288854.11,,yes,,,,,1
??????????????,2300,20131231,-59500,-11000,-181263.57,,yes,,,,,1
??????????????,2300,20141231,-11000,-363000,-161390.61,,yes,,,,,1
??????????????,2300,20151231,-363000,849500,3548227.38,,yes,,,,,1
????????????,2311,20081231,2663500,-4376423.74,48500095.37,,18.9227,,,,,1
????????????,2311,20091231,-4376423.74,-6231487.57,4899030.33,,69.8294,,,,,1
????????????,2311,20101231,-6231487.57,9068352.65,-8211978.49,,38.8022,,,,,1
????????????,2311,20111231,9068352.65,-1219891.49,49849061.97,,12426720.05,,,,,1
????????????,2311,20121231,-1219891.49,1188774.75,11806225.05,yes,29408979.26,,,,,1
????????????,2311,20131231,1188774.75,7868451.59,95145245.9,,yes,2001.866828,,,,1
????????????,2311,20141231,7868451.59,-9943720.11,22268719.97,,yes,1411.291784,,,,1
????????????,2311,20151231,-9943720.11,-1736330,-10122296.8,,yes,959.3157553,,,,1
??????????????,2333,20081231,,-315625,-655780,,yes,,,,,
??????????????,2333,20091231,-315625,315625,108530,,yes,,,,,1
??????????????,2333,20101231,315625,-1420,1420,,yes,,,,,1
??????????????,2333,20111231,264250,-383450,127845,,6.349875,,,,,1
??????????????,2333,20121231,-383450,84725,-631500,,6.770575,,,,,1
??????????????,2333,20131231,84725,-111450,-692455,,1.60824,,,,,1
??????????????,2333,20141231,-111450,-488050,-172198,,9.6511,,,,,1
??????????????,2333,20151231,-488050,633975,-2288853,,9.6511,,,,,1
?????????????,2345,20081231,,,599930,,yes,,,,,
?????????????,2345,20091231,,,,,,,,,,
?????????????,2345,20101231,,,-136915,,yes,,,,,
?????????????,2345,20111231,,120018.72,663176.89,,263.82991,,,,,
?????????????,2345,20121231,120018.72,-1210301.76,754547.52,,326.8622,,,,,
?????????????,2345,20131231,-1210301.76,-31950,968869.52,,yes,,,,,
?????????????,2345,20141231,-31950,3808435.91,191010,137.3399173,,489.8690229,,,,
?????????????,2345,20151231,3808435.91,-3808435.91,-1678293.79,,yes,,,,,
????????????,2381,20091231,,,2671.23,,,,,,1,1
????????????,2381,20101231,,749100,473910,yes,,,,,,1
????????????,2381,20111231,749100,211500,,yes,,,,,,1
????????????,2381,20121231,211500,-215300,,yes,,,,,,1
????????????,2381,20131231,-215300,1156700,,103.6473,,,,,,1
????????????,2381,20141231,1156700,-2244600,633000,48.952,,,,,,1
????????????,2381,20151231,-2244600,342600,,yes,,,,,,1
???????????????,2385,20101231,,,7872559.96,,yes,,,,,1
???????????????,2385,20141231,,,-1164900,,yes,,,,,1
???????????????,2385,20151231,,,221461.21,,yes,,,,,1
????????????,2386,20141231,,37620,-837014.53,,yes,,,,,1
????????????,2386,20151231,37620,-37620,517236.74,,yes,,,,,1
??????????????,2399,20101231,,-6878.07,,yes,,,,,,1
??????????????,2399,20111231,-6878.07,1048842.07,,yes,,,,,,1
??????????????,2399,20121231,1048842.07,-512134,,yes,,,,,,1
??????????????,2399,20131231,-512134,99595,,yes,,,,,,1
??????????????,2399,20141231,99595,-238425,,yes,,,,,,1
??????????????,2399,20151231,-238425,-3622170,,yes,,,,,,
?????????????,2403,20081231,,-1368800,-3252600,,,,,,,
?????????????,2403,20091231,-1368800,3246250,658900,,,,,,,
?????????????,2403,20101231,3246250,-1877500,-1014175,,yes,,,,,
?????????????,2403,20111231,-1877500,3717793.5,28484892.26,yes,,,,,,
?????????????,2403,20121231,3717793.5,-3717793.5,1788221.9,102.3,,,,,,1
?????????????,2403,20131231,-3717793.5,627750,3456370,,,,,,,1
?????????????,2403,20141231,627750,-1491193.33,-1430490,yes,,,,,,1
?????????????,2403,20151231,-1491193.33,627743.33,1226480,,,,,,,1
????????????,2409,20141231,,1454413.41,735179.61,yes,,,,,,1
????????????,2409,20151231,1454413.41,-4268117.02,10266263.87,yes,,,,,,1
????????????????,2415,20141231,,3032932.74,-923068.78,yes,,,,,,1
????????????????,2415,20151231,3032932.74,-16154643.25,6165969.68,yes,,,,,,1
????????????????,2426,20091231,,286100,,yes,,,,,,1
????????????????,2426,20101231,286100,5590422.94,8000750,yes,,,,,,1
????????????????,2426,20111231,5590422.94,-1699007.01,15639658.59,4.25303,,,,,,1
????????????????,2426,20121231,-1623492.94,4512064.74,6736050,8.76509474,,,,,,1
????????????????,2426,20131231,4512064.74,-1699007.01,18968857,yes,,,,,,1
????????????????,2426,20141231,-1699007.01,-10036502.19,2768063,yes,,,,,,1
????????????????,2426,20151231,-10036502.19,205701.93,-281214.24,yes,,,,,,1
??????????????,2427,20091231,,507439.17,,34.7050818,,,,,,1
??????????????,2427,20101231,507439.17,-507439.17,-126637.28,133.0098534,,,,,,1
??????????????,2427,20131231,,428998,151056,yes,yes,,,,,1
??????????????,2427,20141231,428998,-428998,-308387,yes,yes,,1,,,
??????????????,2427,20151231,-428998,103433.63,,yes,,,1,,,
???????????,2429,20111231,,-434816.92,,yes,,,,,,1
???????????,2429,20121231,-434816.92,434816.92,,yes,,,,,,1
???????????,2429,20131231,434816.92,20890331.85,,yes,,,,,,1
???????????,2429,20141231,20890331.85,-24576581.85,12666200,yes,,,,,,1
???????????,2429,20151231,-24576581.85,-14349371.6,16416254.9,91.9488,,,,,,1
????????????,2451,20091231,,24000,-790785.72,,yes,,1,,,1
????????????,2451,20101231,24000,,-1223478.45,,yes,,1,,,1
????????????,2451,20111231,,-128600,-8553061,,28.0704,,1,,,1
????????????,2451,20121231,-128600,213600,2418962.91,,6.9024,,,,,1
????????????,2451,20131231,213600,-44500,-449381.36,,yes,,1,,,1
????????????,2451,20141231,-39074.64,-351800,228669.17,,yes,,1,,,1
????????????,2451,20151231,-351800,216000,-1226023.63,,yes,,1,,,1
??????????????????,2464,20111231,,685120,789060,yes,,,,,,1
??????????????????,2464,20121231,685120,-685120,271470,yes,,,,,,1
??????????????????,2464,20131231,-685120,351900,230500,yes,,,,,,1
??????????????????,2464,20141231,351900,-351900,-1871450,yes,,,,,,1
??????????????????,2464,20151231,-351900,0,,,,,,,,1
??????????,2466,20131231,,-6803584.91,408773.9,yes,,,1,,,1
??????????,2466,20141231,-6803584.91,1027790.28,-32336.42,yes,,,1,,,1
??????????,2466,20151231,1027790.28,1734750.92,,,,,,,,1
??????????????,2472,20111231,,128034.8,39323,,,,,,,1
??????????????,2472,20121231,128034.8,66890.8,153154.6,,,,,,,1
??????????????,2472,20131231,66890.8,-194925.6,444570,,,,,,,1
??????????????,2472,20141231,-194925.6,763460,748400,yes,,,,,,1
??????????????,2472,20151231,763460,-763460,1519890,yes,,,,,,1
????????????,2483,20071231,,4763000,,yes,,,,,,1
????????????,2483,20081231,4763000,-13957786.01,,yes,,,,,,1
????????????,2483,20091231,-13957786.01,7641204.28,,yes,,,,,,1
????????????,2483,20101231,7641204.28,953526.23,,yes,,,,,,1
????????????,2483,20111231,953526.23,2240298.92,,yes,,,,,,1
????????????,2483,20121231,2240298.92,2405969.58,,yes,,,,,,1
????????????,2483,20131231,2405969.58,3783223.64,,yes,,,,,,1
????????????,2483,20141231,3783223.64,4135116.37,,yes,,,,,,1
????????????,2483,20151231,4135116.37,-20702648.65,,yes,,,1,,,1
????????????,2489,20081231,-629250,566250,-180750,yes,,,,,,1
????????????,2489,20091231,566250,200850,-10532888.73,1705.908704,,,,,,1
????????????,2489,20101231,200850,-200850,40173.11,2091.3215,,,1,,,1
????????????,2489,20111231,-200850,,,1937.929686,,,1,,,1
????????????,2489,20121231,,,,yes,yes,,1,,,1
????????????,2489,20131231,,,4094.31,yes,yes,,1,,,1
????????????,2489,20141231,-4270495.92,6971237.28,,yes,,,1,,,1
????????????,2489,20151231,6971237.28,-54155171.63,,yes,,,1,,,1
????????????,2499,20141231,,-162155.69,219926.2,,,,,,,1
????????????,2499,20151231,-162155.69,8783.65,247169.79,,,,,,,1
??????????,2500,20071231,,141141731,-159600,,,,,,,
??????????,2500,20081231,141141731,-141141731,170177800,,,,,,,
??????????,2500,20091231,-141141731,0,,,,,,,,
??????????,2500,20111231,,,1173507,,,yes,,,,
??????????,2500,20121231,,,6305092,,,yes,,,,
??????????,2500,20131231,,-143640,-1355876,,,yes,,,,
??????????,2500,20141231,-143640,-4907460,-37061992,,,12498660,,,,
??????????,2500,20151231,-4907460,4918620,-8415910,,,12120240,,,,
??????????,2502,20111231,,,82615.43,yes,,,,,1,1
??????????,2502,20121231,,,-98625.33,yes,,,,,1,1
??????????,2502,20131231,,,573170.55,42.739269,,,,,1,1
??????????,2502,20141231,,-754113.27,46712.33,61.19,,,,,1,1
??????????,2502,20151231,-754113.27,-208995.46,-33256.72,19.4808,,,,,1,1
??????????,2533,20091231,,,9163661.65,,yes,,1,,,
??????????,2533,20101231,1136550,-903300,1227899.6,,yes,,1,,,
??????????,2533,20111231,-903300,-233250,1777089.1,,yes,,1,,,
??????????,2533,20121231,-233250,24450,216167.95,,yes,,1,,,
??????????,2533,20131231,24450,-24450,-845824.9,,yes,,1,,,
??????????,2533,20141231,-24450,0,-3921069.85,,yes,,1,,,
??????????,2533,20151231,,,-812229.2,,yes,,1,,,
???????????????,2540,20071231,,-138000,,,,,,,1,
???????????????,2540,20131231,,451980,215380,24.3876,,,,,1,
???????????????,2540,20141231,451980,-451980,-695570,120.0073428,,,,,1,
???????????????,2540,20151231,-451980,,-312563.94,20.91336556,,,,,1,
??????????????,2548,20141231,,,-1521400,,yes,,,,,1
??????????????,2548,20151231,,546420,-703290.12,,yes,,,,,1
??????????,2557,20141231,,69590,189490,yes,,,,,,1
??????????,2557,20151231,69590,-371760,-528020,yes,,,,,,1
????????????,2574,20081231,-827411.31,-18891759.28,,,yes,,,,,1
????????????,2574,20091231,-18891759.28,9567588.21,,,yes,,,,,1
????????????,2574,20101231,9567588.21,10297958.21,-48226364.23,,yes,,,,,1
????????????,2574,20111231,10297958.21,46250292.14,-58259739.83,,304.8344,,,,,1
????????????,2574,20121231,45898952.14,-25856918.72,735000,,326.36928,,,,,1
????????????,2574,20131231,-25856918.72,10582534.54,103323623.4,,yes,,,,,1
????????????,2574,20141231,10582534.54,-19717007.96,-15842637.77,,yes,,,,,1
????????????,2574,20151231,-19717007.96,-745313.38,-3840174.24,yes,yes,,,,,1
????????????,2575,20131231,,112200,,yes,,,,,,
????????????,2575,20141231,112200,-840366.4,-163154.4,yes,,,,,,
????????????,2575,20151231,-840366.4,728166.4,-484558.8,yes,,,,,,1
?????????????,2578,20101231,126092,1743395.17,-1578777.88,yes,yes,,,,,1
?????????????,2578,20111231,1743395.17,1437255.33,2496303.5,yes,yes,,1,,,1
?????????????,2578,20121231,1437255.33,-2225387.97,4010481.11,yes,yes,,1,,,1
?????????????,2578,20131231,-2225387.97,2650288.96,-960864.15,yes,yes,,1,,,1
?????????????,2578,20141231,2650288.96,-4307052.27,-538655.75,yes,yes,,1,,,1
?????????????,2578,20151231,-4307052.27,-934337.54,1100051.27,yes,yes,,1,,,1
??????????,2584,20131231,,-218400,1421689.4,,,,,,,1
??????????,2584,20141231,-218400,218400,865282.58,,,,,,,1
??????????,2584,20151231,218400,0,727394.61,,,,,,,1
????????????,2608,20101231,,5123156,100600,yes,,,,,,1
????????????,2608,20111231,5123156,2017752.25,6608672.41,yes,,,,,,1
????????????,2608,20121231,2017752.25,-8148982.3,6769096.77,yes,,,,,,1
????????????,2608,20131231,-8148982.3,1008074.05,-1502575.93,yes,,,,,,1
????????????,2608,20141231,1008074.05,-319957.2,,yes,,,,,,1
????????????,2608,20151231,-319957.2,319957.2,,yes,,,,,,1
????????????,2610,20091231,0,245955,1199210.43,yes,,,,,,1
????????????,2610,20101231,245955,-2611260,-4833030.45,yes,,,,,,1
????????????,2610,20111231,-2611260,2730680,-3671750,yes,,,,,,1
????????????,2610,20121231,2730680,-368000,1770160,yes,,,,,,1
????????????,2610,20131231,,,,,,,,,,1
??????????????,2611,20141231,,,,,,yes,1,,,1
??????????????,2611,20151231,,1026318.85,,,,yes,1,,,1
???????????????,2615,20091231,-1204939.45,1059761.6,-1058300,yes,,,,,,1
???????????????,2615,20101231,1059761.6,698455.24,-90820,yes,,,,,,1
???????????????,2615,20111231,698455.24,-566897.92,2922970,204.77925,,,,,,1
???????????????,2615,20121231,-566897.92,-131557.32,1112180,yes,,,,,,1
???????????????,2615,20131231,-131557.32,59000.61,314688.5,12.19966,,,,,,1
???????????????,2615,20141231,59000.61,-561659.67,-1640028,68.5328,,,,,,1
???????????????,2615,20151231,-561659.67,503659.06,503226.8,yes,,,,,,1
????(??)??????,2616,20111231,,3761730,7771999.61,467.01265,,,,,,1
????(??)??????,2616,20121231,3761730,-3229252,4957086.19,28.899306,,,,,,1
????(??)??????,2616,20131231,-3229252,6304784.42,4959014.96,560.731893,,,,,,1
????(??)??????,2616,20141231,6304784.42,-9514946.44,-107730.81,yes,,,,,,1
????(??)??????,2616,20151231,-9514946.44,-2541406.98,-5039341.09,yes,,,,,,1
??????????,2617,20101231,3894100,,-252035.9,,yes,,,,,1
??????????,2617,20111231,,747000,2762976.5,,yes,,1,,,1
??????????,2617,20121231,747000,-747000,803741.39,,,,1,,,1
??????????,2617,20131231,-747000,-332000,-579560.67,,,,,,,1
??????????,2617,20141231,-332000,-361500,-2021964.81,,yes,,,,,1
??????????,2617,20151231,-361500,-1911375,1140237.46,,yes,,,,,1
??????????,2632,20101231,,134355,109890,yes,,,,,,1
??????????,2632,20111231,134355,-134355,4291730.29,yes,,,,,,1
??????????,2632,20121231,-134355,47088,82672,yes,,,,,,1
??????????,2632,20131231,47088,178121,406700,yes,,,,,,1
??????????,2632,20141231,178121,-314580,-261516,yes,,,,,,1
??????????,2632,20151231,-314580,-230523.28,145668,yes,,,,,,1
????????????,2647,20091231,220900,-220900,-14244600,,yes,,,,,1
????????????,2647,20101231,,,6154130.81,,yes,,,,,1
????????????,2647,20151231,,-7628700,-230410.08,,yes,,,,,1
????????????,2668,20091231,,5212500,276.51,yes,,,,,,1
????????????,2668,20101231,5212500,22521800,2205.29,1021.7473,,,,,,1
????????????,2668,20111231,22521800,-22422186.57,21466870.68,436.6237,,,,,,1
????????????,2668,20121231,-22422186.57,2362787.64,3747324,868.1745,,,,,,1
????????????,2668,20131231,2362787.64,3750246.79,34505950,284.19395,,,,,,1
????????????,2668,20141231,3750246.79,2462146.71,9182054,1048.01771,,,,,,1
????????????,2668,20151231,2462146.71,-32109276.13,34124035.42,1131.26712,,,,,,1
??????????,2673,20121231,,-575013.1,-989152.67,,,yes,,,,0
??????????,2673,20131231,-575013.1,1368814.26,-410977.54,,,yes,,,,0
??????????,2673,20141231,1368814.26,-1922383.34,-8908244.87,,,yes,,,,0
??????????,2673,20151231,-1922383.34,2587948.53,,,,yes,,,,0
??????????????,2685,20101231,,963800,,,,,,,,1
??????????????,2685,20111231,963800,-821000,2745296.09,yes,,,,,,1
??????????????,2685,20121231,-821000,-140493.94,89352.4,yes,,,,,,1
??????????????,2685,20131231,-140493.94,179677.66,314792,yes,,,,,,1
??????????????,2685,20141231,179677.66,-181939.51,-4618.4,8.86028,,,,,,1
??????????????,2685,20151231,-181939.51,,256700,,,,,,,1
????????????,2699,20121231,-463298.45,-886398.6,-322850,yes,,,,,,1
????????????,2699,20131231,-886398.6,3813247.05,2765400,yes,,,,,,1
????????????,2699,20141231,3813247.05,-5567154.78,1644904.9,yes,,,,,,1
????????????,2699,20151231,-5567154.78,2961354.78,29591.97,yes,,,,,,1
????????????,2705,20111231,-2175100,4782600,12753100,yes,,,,,,1
????????????,2705,20121231,4782600,638020.32,2714500,yes,,,,,,1
????????????,2705,20131231,638020.32,7777987.5,16559000,560.9148,,,,,,1
????????????,2705,20141231,7777987.5,-6533591.73,13703157.98,232.522,,,,,,1
????????????,2705,20151231,-6533591.73,-12062355.67,-6418723.57,367.4429534,,,,,,1
??????????,2736,20111231,,0,,,,,,,,1
??????????,2736,20121231,,-10096096.38,,,,,,,,1
??????????,2736,20131231,,8809014.77,,,,,,,,1
??????????,2736,20141231,8809014.77,-98280629.95,-57950798.74,,,2468.5065,,34523.8984,,1
??????????,2736,20151231,-98280629.95,-601572974.4,-2377962.08,,,1657.138496,,22690.74898,,1
?????????????????,2769,20121231,,927739.55,16435500,yes,,,,,,1
?????????????????,2769,20131231,927739.55,8381949.84,99799900,yes,,,,,,1
?????????????????,2769,20141231,8381949.84,14434421.97,485975365.8,yes,,,,,,1
?????????????????,2769,20151231,14434421.97,-67230917.67,423204824.1,yes,,,,,,1
???????????,2785,20121231,,123083.92,,,,,,,,1
???????????,2785,20131231,123083.92,677678.65,,,,,,,,1
???????????,2785,20141231,677678.65,-1206100,,yes,,,,,,1
???????????,2785,20151231,-1206100,-490700,,yes,,,,,,1
???????????????,2790,20111231,,378426.02,,yes,,,,,,1
???????????????,2790,20121231,378426.02,290500,,yes,,,,,,1
???????????????,2790,20131231,290500,-424000,,25.9744,,,,,,1
???????????????,2790,20141231,-424000,481200,-675760.74,yes,,,,,,1
???????????????,2790,20151231,481200,-1654650,475626.54,45.4552,,,,,,1
????????????,2793,20121231,,2191245,1492700,yes,,,,,,
????????????,2793,20131231,2191245,-2191245,3059800,yes,yes,,,,,1
????????????,2793,20141231,-2191245,-8803584.78,,,,,,,,1
????????????,2793,20151231,-8803584.78,1088229.23,,,,,,,,1
????????????,2797,20131231,,-6953584.01,,,,,,,,
????????????,2797,20141231,,-22383464.29,,,,,,,,
????????????,2797,20151231,,11502643.74,,,,,,,,
????????????,2801,20131231,,1616150,,,,,,,,
????????????,2801,20141231,,-1616150,,,,,,,,
???????(??)??????,2821,20131231,,502600,,,,,,,,
???????(??)??????,2821,20141231,,-562152.79,,,,,,,,
???????(??)??????,2821,20151231,,69949.45,,,,,,,,
??????????????,2841,20131231,,0,,,,,,,,
??????????????,2841,20141231,,0,,,,,,,,
??????????????,2841,20151231,,0,,,,,,,,
????????????,200512,20141231,-18510100,-2610000,,,,,,,,
????????????,200512,20151231,-3956259.85,-4506240.15,,,,,,,,
?????????????,300037,20131231,,697800,2706800,yes,,,,,,1
?????????????,300037,20141231,697800,-909650,-1028300,yes,,,,,,1
?????????????,300037,20151231,-909650,-1031350,-498100,yes,,,,,,1
????????????,300043,20101231,,4529819.91,1560309.19,yes,,,,,,1
????????????,300043,20111231,4529819.91,-3150135.91,8815650.8,yes,,,,,,1
????????????,300043,20121231,-3150135.91,-1379684,3200618.82,yes,,,,,,1
????????????,300043,20131231,-1379684,4791047.58,5954590,yes,,,,,,1
????????????,300043,20141231,4791047.58,-5703226.39,283705.1,yes,,,,,,1
????????????,300043,20151231,-5703226.39,912178.81,1230836.73,yes,,,,,,1
????????????,300059,20151231,,-5176551.59,22659571.73,,,yes,,,,
??????????????,300068,20101231,,,,,,,,,,1
??????????????,300068,20111231,,,2601669.58,,yes,,1,,,1
??????????????,300068,20121231,,,1964224.46,,yes,,1,,,1
??????????????,300068,20131231,,,748508.39,,yes,,1,,,1
??????????????,300068,20141231,,-2745700,-10217742.69,,yes,,1,,,1
??????????????,300068,20151231,-2745700,2745700,-4212391.32,,yes,,1,,,1
???????????????,300111,20091231,,2264261.05,-7519587.07,yes,,,,,,1
???????????????,300111,20101231,2264261.05,77397903,-22989705.29,yes,,,,,,1
???????????????,300111,20111231,77397903,39013656.4,89276954.87,yes,,,,,,1
???????????????,300111,20121231,39013656.4,-91317216.3,73324710.29,yes,,,,,,1
???????????????,300111,20131231,-91317216.3,-26826934.64,49996190.22,yes,,,,,,1
???????????????,300111,20141231,-26826934.64,3977840.4,-600212.5,yes,,,1,,,1
???????????????,300111,20151231,3977840.4,-41511770.98,45403009.02,yes,,,1,,,1
?????????????,300118,20111231,,41567097.8,,yes,,,,,,1
?????????????,300118,20111231,41567097.8,27014925.82,,yes,,,,,,1
?????????????,300118,20121231,27014925.82,-66860677.59,,yes,,,,,,1
?????????????,300118,20131231,-66860677.59,-11466449.7,,yes,,,,,,1
?????????????,300118,20141231,-11466449.7,0,9745103.67,yes,,,1,,,1
?????????????,300118,20151231,,-4588072,,yes,,,,,,1
?????????????,300128,20111231,,105874.28,,yes,,,,,,1
?????????????,300128,20121231,105874.28,-105874.28,,yes,,,,,,1
?????????????,300128,20131231,-105874.28,0,,yes,,,,,,1
?????????????,300128,20141231,,,870444.08,yes,,,,,,1
??????????????,300170,20131231,,5867649,,72.48125,,,,,,1
??????????????,300170,20141231,5867649,4075050,-1546489,50.53536,,,,,,1
??????????????,300170,20151231,4075050,603500,1627250,38.2186,,,,,,1
??????????,300261,20131231,,255500,937782.57,yes,,,,,,1
??????????,300261,20141231,255500,1825950.42,-276542.81,yes,,,,,,1
??????????,300261,20151231,1825950.42,-2384722.05,1006925,yes,,,,,,1
??????????????,300283,20131231,,-7275,232273.61,,yes,,,,,1
??????????????,300283,20141231,-7275,599010,2376021.64,,yes,,,,,1
??????????????,300283,20151231,599010,-604635,1954194.94,,yes,,,,,1
??????????,300307,20131231,,2019190,3982100,,yes,,,,,1
??????????,300307,20141231,2019190,-1212260,2175150,,yes,,,,,1
??????????,300307,20151231,-1212260,1019122,2594271.36,,yes,,,,,1
??????????????,300393,20141231,,188446.04,,,yes,,,,,1
??????????????,300393,20151231,188446.04,-188446.04,-94355.75,,yes,,,,,1
??????????????,300397,20111231,,,,yes,,,,,,
??????????????,300397,20121231,,,,yes,,,,,,
??????????????,300397,20131231,,,,yes,,,,,,
??????????????,300397,20141231,,,,yes,,,,,,
??????????????,300397,20151231,,,,yes,,,,,,
